<?xml version="1.0" encoding="UTF-8"?>
<project-private xmlns="http://www.netbeans.org/ns/project-private/1">
    <editor-bookmarks xmlns="http://www.netbeans.org/ns/editor-bookmarks/2" lastBookmarkId="0"/>
    <open-files xmlns="http://www.netbeans.org/ns/projectui-open-files/2">
        <group>
            <file>file:/C:/Users/825155393/Documents/NetBeansProjects/JOptionPane_Basic/src/Areas.java</file>
            <file>file:/C:/Users/825155393/Documents/NetBeansProjects/JOptionPane_Basic/src/Soma1.java</file>
            <file>file:/C:/Users/825155393/Documents/NetBeansProjects/JOptionPane_Basic/src/quadr.java</file>
            <file>file:/C:/Users/825155393/Documents/NetBeansProjects/JOptionPane_Basic/src/Triangu.java</file>
        </group>
    </open-files>
</project-private>
